Anthony Chabot Regional Park,5
"East Oakland, Oakland, California",4
San Francisco Bay National Estuarine Research Reserve,4
List of Berkeley neighborhoods,3
Contributing property,3
University of California Jazz Ensembles,3
Berkeley Forum,3
Bear Transit,3
San Francisco Bay,3
Bay Area Rapid Transit,3
California,3
"List of Berkeley High School (Berkeley, California) people",2
Wayback Machine,2
Lafayette Reservoir,2
Berkeley Student Food Collective,2
"National Register of Historic Places listings in Alpine County, California",2
Carpenter Gothic,2
Berkeley Adult School,2
"Redwood Heights, Oakland, California",2
Mission Creek,2
International Standard Book Number,2
"Discovery Bay, California",2
AC Transit,2
"List of Berkeley, California Landmarks, Structures of Merit, and Historic Districts",2
Seal Slough,2
California State Route 13,2
"List of University of California, Berkeley alumni",2
Castro Valley High School,2
Bishop O'Dowd High School,2
Bus rapid transit,2
Interstate 880,2
Ferries of San Francisco Bay,2
"Ridgemont, Oakland, California",2
Amtrak,2
Pacific Coast Ranges,2
Pittsburg Center station,2
Contra Costa Times,2
Ashby Avenue,2
"List of neighborhoods in Oakland, California",2
"Chinatown, Oakland, California",2
Andrew Lawson,2
Oakland-Alameda County Coliseum,2
Stanford University,2
Suitcase Clinic,2
U.S. state,2
Don Perata,2
"Santa Rosa, California",2
Occupy the Farm,2
List of bridges on the National Register of Historic Places in California,2
All Nighter (night bus service),1
"Adobe Creek (Santa Clara County, California)",1
Bobwhite quail,1
Thomas Harper Goodspeed,1
Tufts University,1
CalWORKs,1
"Sonora, California",1
Transmission Electron Aberration-Corrected Microscope,1
Judah and Sunset,1
San Leandro Creek,1
Alameda Creek,1
United States congressional delegations from California,1
Dreyer's,1
Sacramento River,1
Ricardo Valenzuela (referee),1
"Alameda, California",1
Bay Area Conference,1
Bas-relief,1
Rheem Creek,1
Sebastopol Depot of the Petaluma and Santa Rosa Railway,1
East Bay (California),1
California Golden Bears football,1
Arthur Holder,1
1890 California Golden Bears football team,1
Follies,1
Stanford Winery,1
Multiple Property Submission,1
"National Register of Historic Places listings in Placer County, California",1
Serramonte Center,1
Grizzly Bay,1
"Suisun City, California",1
Sichuan,1
Playdom,1
List of largest California cities by population,1
Alameda High School,1
Berkeley RISC,1
Time zone,1
River mouth,1
Brushy Peak Regional Preserve,1
Leuschner Observatory,1
American Indian Public High School,1
Tesla (unit),1
Hewlett-Packard,1
Berkeley Unified School District,1
Napa Sonoma Marsh,1
Drainage basin,1
San Jose Diridon station,1
Beaux-Arts architecture,1
California State Assembly,1
Carsharing,1
Kaiser Sunnyside Medical Center,1
1918 College Football All-America Team,1
"Alameda County, California",1
Sustainability,1
I-880/Milpitas station,1
2015–16 California Golden Bears women's basketball team,1
Little Hills Picnic Ranch,1
Helium,1
"Chula Vista, California",1
Elizabeth H. Blackburn,1
The Daily Californian,1
Ryer Island,1
"Menlo Park, California",1
Estuary,1
Sidney Garfield,1
Federal Highway Administration,1
Sutter Lakeside Hospital,1
List of counties in California,1
Saskatchewan Roughriders,1
Tahoe National Forest,1
League of Women Voters,1
"List of Oakland, California high schools",1
Fraternities and sororities,1
Deep sea diving,1
Del Valle Regional Park,1
Los Angeles Trade–Technical College,1
Antwerp,1
Charles Alexander Klinkner,1
National Register of Historic Places listings in Oregon,1
Richmond Parkway (California),1
Oklahoma Federation of Colored Women's Clubs,1
Kirkwood/La Salle Station,1
Geographic Names Information System,1
Stade Bergeyre,1
Round Valley Regional Preserve,1
"Scotts Corner, California",1
California Golden Overtones,1
Washington University in St. Louis,1
Rim Fire,1
List of Catholic cathedrals in the United States,1
Sheila E.,1
Richmond Post,1
Stanley Turrentine,1
Arts and Crafts movement,1
Algebra,1
"American High School (Fremont, California)",1
CalTV,1
California State Route 123,1
"South Bay, Los Angeles",1
Maureen Freschet,1
James D. Hart,1
Sonoma Creek,1
Montague station,1
"National Register of Historic Places listings in Pasadena, California",1
BRP Quezon (PS-70),1
All Hail Blue and Gold,1
Waste management,1
Point Pinole Regional Shoreline,1
"Nevada City, California",1
Facility ID,1
Point Molate Marsh,1
"Mountain House, Alameda County, California",1
Rancho San Antonio (Peralta),1
"Fairfield, California",1
Caltopia,1
Public university,1
Chicago,1
Walnut Creek station,1
Sherwin-Williams,1
Edward W. Strong,1
"South Berkeley, Berkeley, California",1
Governor of California,1
Crissy Field,1
"Grass Valley, Oakland, California",1
San Antonio Shopping Center,1
Northeast Home Heating Oil Reserve,1
Petaluma River,1
Jack London District,1
Ridgeline,1
Anglican,1
Charles Lee Tilden,1
San Francisco Baykeeper,1
"Yolo County, California",1
Alameda (island),1
University Preparatory Charter Academy,1
"Ocean View, Berkeley, California",1
"National Register of Historic Places listings in Shasta County, California",1
Islam,1
"Santa Fe, Oakland, California",1
Refugee camp,1
Organic agriculture,1
Richmond–San Rafael Bridge,1
Human Connectome Project,1
"Dixon, California",1
UC Davis College of Engineering,1
16th Street Station,1
Castlemont High School,1
Leona Canyon Regional Open Space Preserve,1
LocalWiki,1
"Jingletown, Oakland, California",1
Rally Committee,1
Houston Astros,1
Westpoint Harbor,1
Fort Mason,1
Tomales Bay,1
Campus,1
Hippie,1
Heritage Documentation Programs,1
1892 (spring) California Golden Bears football team,1
California Golden Bears women's volleyball,1
"Skidmore, Owings & Merrill",1
"Sequoyah Heights, Oakland, California",1
International Alliance of Research Universities,1
Antioch Bridge,1
Dunsmuir House,1
Fashion Valley Mall,1
"List of people from Oakland, California",1
First Amendment to the United States Constitution,1
"Tamalpais-Homestead Valley, California",1
Posey and Webster Street Tubes,1
Pickleweed,1
KPIX,1
"Los Angeles County, California",1
Tougaloo College,1
Graywacke,1
List of Caltrain stations,1
Alameda Unified School District,1
San Francisco,1
Benicia–Martinez Bridge,1
NBC,1
Pesticide,1
High school,1
Episcopal Diocese of San Joaquin,1
Russian River (California),1
Dublin High School (California),1
Town Center at Corte Madera,1
Detroit Lions,1
K-12,1
John W. Dwinelle,1
Inland Empire,1
North American Numbering Plan,1
Alcatraz Island,1
"United States presidential election, 2004",1
Keller Beach,1
Open space reserve,1
POSSLQ,1
Fremont Federation of High Schools,1
Floyd Lawrence Begin,1
"List of tallest buildings in Oakland, California",1
Oaksterdam,1
New Haven Unified School District,1
Oakland Police Department,1
1900 United States Census,1
SamTrans,1
Apple Computer,1
Los Angeles Basin,1
Appian Way Productions,1
The Bay School of San Francisco,1
"Belmont, California",1
Harold Gilliam,1
Oakland Zoo,1
"Saratoga, California",1
Mary Poppins (film),1
St. Mary's College High School,1
Las Vegas,1
"Laddville, California",1
George C. Pimentel,1
Gender studies,1
W. Michael Blumenthal,1
List of California Golden Bears baseball seasons,1
Network of Bay Area Worker Cooperatives,1
UTC-8,1
California–UCLA football rivalry,1
Jean Brooks,1
Yuan T. Lee,1
Shipyard,1
Kansas State University,1
Vladimir Ossipoff,1
Clipper Yacht Harbor,1
"Plumas County, California",1
Stonestown Galleria,1
UC Berkeley,1
Bay Counties League East,1
Nisei,1
African American,1
Consensus decision-making,1
"Sacramento, California",1
Winery,1
Spire,1
Louisiana State University,1
"National Register of Historic Places listings in Sacramento County, California",1
Qingdao,1
"National Register of Historic Places listings in Kings County, California",1
"Jurupa Valley, California",1
Oakland Aviation Museum,1
Ecumenism,1
San Francisco International Airport,1
Beach and Stockton station,1
California Historical Landmark,1
Rockwell D. Hunt,1
KQKE,1
Blue Ribbon School,1
Bob Dylan,1
MacArthur (BART station),1
Oyster Point Marina/Park,1
Golden Gate Bridge,1
University-preparatory school,1
Brooks Island,1
Vasco Road station,1
John Coffee Hays,1
Twin towns and sister cities,1
Daniel S. Loeb,1
Moore Dry Dock Company,1
"Willows, California",1
Chiron Corporation,1
Chelsea martin,1
Oakland Athletics,1
List of watercourses in the San Francisco Bay Area,1
Community garden,1
California Department of Forestry and Fire Protection,1
KSFH,1
United States commemorative coin,1
1960 United States Census,1
Interstate 80 in California,1
Redwood Alternative High School,1
Labyrinth (film),1
Pacific Islander (U.S. Census),1
Time-sharing,1
Yerba Buena Island,1
American Craftsman,1
Bill Clinton,1
Cantilever bridge,1
New York Times,1
Chulalongkorn University,1
Santa Susana Field Laboratory,1
Southern Pacific Transportation Company,1
"Placerville, California",1
"Lancaster, California",1
Proof-of-payment,1
Coit Tower,1
Chabot Space and Science Center,1
Electrical Engineering,1
Victorian architecture,1
Farallon plate,1
National Park Service,1
National Register of Historic Places,1
BrandAds,1
Patriarch Athenagoras Orthodox Institute,1
Roberts Regional Recreation Area,1
Telegraph Avenue,1
"Research centers and laboratories at the University of California, Berkeley",1
Luke Pyungse Lee,1
Morgan Stanley,1
East Bay (San Francisco Bay Area),1
Alameda County Treasurer/Tax Collector,1
Christian Universalist Association,1
Public policy school,1
Judith Berling,1
The Urban School of San Francisco,1
Armenian Apostolic Church,1
Carquinez Bridge,1
Bauchi,1
Interstate 580 (California),1
"National Register of Historic Places listings in Marin County, California",1
12th Street Oakland City Center (BART station),1
Point Richmond Historic District,1
Las Trampas Regional Wilderness,1
Coast Community College District,1
Colloquial,1
"History of the University of California, Berkeley",1
Middlefield station,1
Raccoon Strait,1
GrandCentral,1
Clorox,1
Regents of the University of California,1
R. Carey Davis,1
Corona Heights Park,1
Ventura College,1
Interstate 80,1
Garrity Creek,1
Suisun Bay,1
North Concord/Martinez station,1
Improvement Era,1
Shadow Cliffs Regional Recreation Area,1
California Pelican (magazine),1
"Carriage Hills, Richmond, California",1
"Eastmont, Oakland, California",1
Florin Towne Centre,1
College of San Mateo,1
Albert Kahn (architect),1
San Francisco Giants,1
"Eden Landing, California",1
North America,1
Occupy Oakland,1
2016 Oakland warehouse fire,1
Streetcar,1
California Golden Bears,1
Argonne National Laboratory,1
Discharge (hydrology),1
Victory ship,1
"University of California, Los Angeles",1
David S. Saxon,1
Integrated Authority File,1
KVVZ,1
Evangelical Lutheran Church in America,1
Morro Strand State Beach,1
Bella French Swisher,1
Transportation engineering,1
Santa Fe Railroad,1
University of California Police Department,1
Central Pacific Railroad,1
Albany Mudflats,1
East Bay Arts High School,1
Meeker Slough (Creek),1
Robert McNamara,1
Mount Eden High School,1
Heather Mac Donald,1
NBA Street Vol. 2,1
Oakland Tribune,1
Aaron Edlin,1
"Nortonville, California",1
Doctor of Philosophy,1
2000 United States Census,1
East Bay Hills (Nova Scotia),1
Pacific Flyway,1
College of Engineering,1
Barstow Mall,1
Landscape architect,1
Bunche High School,1
Middle school,1
The Willows Shopping Center,1
Melvin Belli,1
"Foster City, California",1
"List of people from Berkeley, California",1
C.O.G. Miller,1
"Sausal Creek (Alameda County, California)",1
California State Route 24,1
