Hudson Street (Manhattan),2
Astor Place,1
Pulitzer Prize,1
Occupy Ghana,1
Fifth Avenue,1
Barnard College,1
Waterside Plaza,1
Weehawken Street,1
Vanderbilt Avenue,1
University of California Press,1
Template talk:Broadway (Manhattan),1
West Side Highway,1
Linden Park (Brooklyn),1
Ellis Island,1
Eleventh Avenue (Manhattan),1
Stuyvesant Street,1
Detective William T. Gunn Park,1
Manhattan,1
New York Coliseum,1
"Pershing Square, Manhattan",1
List of companies based in New York City,1
Freedom Tower Silver Dollar,1
Prison,1
Staten Island Railway,1
Jennifer Connelly,1
Broadway (Manhattan),1
List of high schools in New York City,1
Great Jones Street,1
Westerleigh Park,1
PATH (rail system),1
Soundview Park (Bronx),1
Lower East Side Tenement Museum,1
Propane,1
Center Drive (Manhattan),1
TriBeCa,1
Long Pond Park,1
Sassy (magazine),1
New York Daily News,1
Grand Army Plaza (Manhattan),1
Empire State Building,1
Algonquian peoples,1
List of hospitals in New York City,1
Ed Sullivan Theater,1
Greenwich Avenue,1
ONE: Union of the Senses,1
Eric Goode,1
Malcolm X and Dr. Betty Shabazz Memorial and Educational Center,1
Bank Street (Manhattan),1
Christopher Street – Sheridan Square (IRT Broadway – Seventh Avenue Line),1
